INSERT INTO countries (name, code, currency_id) VALUES ('Afghanistan', 'af', 1);
INSERT INTO countries (name, code, currency_id) VALUES ('Aland Islands', 'ax', 2);
INSERT INTO countries (name, code, currency_id) VALUES ('Albania', 'al', 3);
INSERT INTO countries (name, code, currency_id) VALUES ('Algeria', 'dz', 4);
INSERT INTO countries (name, code, currency_id) VALUES ('American Samoa', 'as', 5);
INSERT INTO countries (name, code, currency_id) VALUES ('Andorra', 'ad', 2);
INSERT INTO countries (name, code, currency_id) VALUES ('Angola', 'ao', 6);
INSERT INTO countries (name, code, currency_id) VALUES ('Anguilla', 'ai', 5);
INSERT INTO countries (name, code, currency_id) VALUES ('Antarctica', 'aq', 5);
INSERT INTO countries (name, code, currency_id) VALUES ('Antigua And Barbuda', 'ag', 5);
INSERT INTO countries (name, code, currency_id) VALUES ('Argentina', 'ar', 7);
INSERT INTO countries (name, code, currency_id) VALUES ('Armenia', 'am', 8);
INSERT INTO countries (name, code, currency_id) VALUES ('Aruba', 'aw', 9);
INSERT INTO countries (name, code, currency_id) VALUES ('Australia', 'au', 10);
INSERT INTO countries (name, code, currency_id) VALUES ('Austria', 'at', 2);
INSERT INTO countries (name, code, currency_id) VALUES ('Azerbaijan', 'az', 11);
INSERT INTO countries (name, code, currency_id) VALUES ('The Bahamas', 'bs', 12);
INSERT INTO countries (name, code, currency_id) VALUES ('Bahrain', 'bh', 13);
INSERT INTO countries (name, code, currency_id) VALUES ('Bangladesh', 'bd', 14);
INSERT INTO countries (name, code, currency_id) VALUES ('Barbados', 'bb', 15);
INSERT INTO countries (name, code, currency_id) VALUES ('Belarus', 'by', 16);
INSERT INTO countries (name, code, currency_id) VALUES ('Belgium', 'be', 2);
INSERT INTO countries (name, code, currency_id) VALUES ('Belize', 'bz', 17);
INSERT INTO countries (name, code, currency_id) VALUES ('Benin', 'bj', 18);
INSERT INTO countries (name, code, currency_id) VALUES ('Bermuda', 'bm', 19);
INSERT INTO countries (name, code, currency_id) VALUES ('Bhutan', 'bt', 20);
INSERT INTO countries (name, code, currency_id) VALUES ('Bolivia', 'bo', 21);
INSERT INTO countries (name, code, currency_id) VALUES ('Bosnia and Herzegovina', 'ba', 22);
INSERT INTO countries (name, code, currency_id) VALUES ('Botswana', 'bw', 23);
INSERT INTO countries (name, code, currency_id) VALUES ('Bouvet Island', 'bv', 2);
INSERT INTO countries (name, code, currency_id) VALUES ('Brazil', 'br', 24);
INSERT INTO countries (name, code, currency_id) VALUES ('British Indian Ocean Territory', 'io', 5);
INSERT INTO countries (name, code, currency_id) VALUES ('Brunei', 'bn', 25);
INSERT INTO countries (name, code, currency_id) VALUES ('Bulgaria', 'bg', 26);
INSERT INTO countries (name, code, currency_id) VALUES ('Burkina Faso', 'bf', 18);
INSERT INTO countries (name, code, currency_id) VALUES ('Burundi', 'bi', 27);
INSERT INTO countries (name, code, currency_id) VALUES ('Cambodia', 'kh', 28);
INSERT INTO countries (name, code, currency_id) VALUES ('Cameroon', 'cm', 29);
INSERT INTO countries (name, code, currency_id) VALUES ('Canada', 'ca', 30);
INSERT INTO countries (name, code, currency_id) VALUES ('Cape Verde', 'cv', 31);
INSERT INTO countries (name, code, currency_id) VALUES ('Cayman Islands', 'ky', 32);
INSERT INTO countries (name, code, currency_id) VALUES ('Central African Republic', 'cf', 29);
INSERT INTO countries (name, code, currency_id) VALUES ('Chad', 'td', 29);
INSERT INTO countries (name, code, currency_id) VALUES ('Chile', 'cl', 33);
INSERT INTO countries (name, code, currency_id) VALUES ('China', 'cn', 34);
INSERT INTO countries (name, code, currency_id) VALUES ('Christmas Island', 'cx', 10);
INSERT INTO countries (name, code, currency_id) VALUES ('Cocos (Keeling) Islands', 'cc', 10);
INSERT INTO countries (name, code, currency_id) VALUES ('Colombia', 'co', 35);
INSERT INTO countries (name, code, currency_id) VALUES ('Comoros', 'km', 36);
INSERT INTO countries (name, code, currency_id) VALUES ('Congo', 'cg', 36);
INSERT INTO countries (name, code, currency_id) VALUES ('Democratic Republic of the Congo', 'cd', 37);
INSERT INTO countries (name, code, currency_id) VALUES ('Cook Islands', 'ck', 10);
INSERT INTO countries (name, code, currency_id) VALUES ('Costa Rica', 'cr', 38);
INSERT INTO countries (name, code, currency_id) VALUES ('Cote D\'Ivoire (Ivory Coast)', 'ci', 18);
INSERT INTO countries (name, code, currency_id) VALUES ('Croatia', 'hr', 39);
INSERT INTO countries (name, code, currency_id) VALUES ('Cuba', 'cu', 40);
INSERT INTO countries (name, code, currency_id) VALUES ('Cyprus', 'cy', 2);
INSERT INTO countries (name, code, currency_id) VALUES ('Czech Republic', 'cz', 41);
INSERT INTO countries (name, code, currency_id) VALUES ('Denmark', 'dk', 42);
INSERT INTO countries (name, code, currency_id) VALUES ('Djibouti', 'dj', 43);
INSERT INTO countries (name, code, currency_id) VALUES ('Dominica', 'dm', 5);
INSERT INTO countries (name, code, currency_id) VALUES ('Dominican Republic', 'do', 44);
INSERT INTO countries (name, code, currency_id) VALUES ('East Timor', 'tl', 2);
INSERT INTO countries (name, code, currency_id) VALUES ('Ecuador', 'ec', 5);
INSERT INTO countries (name, code, currency_id) VALUES ('Egypt', 'eg', 45);
INSERT INTO countries (name, code, currency_id) VALUES ('El Salvador', 'sv', 5);
INSERT INTO countries (name, code, currency_id) VALUES ('Equatorial Guinea', 'gq', 29);
INSERT INTO countries (name, code, currency_id) VALUES ('Eritrea', 'er', 46);
INSERT INTO countries (name, code, currency_id) VALUES ('Estonia', 'ee', 2);
INSERT INTO countries (name, code, currency_id) VALUES ('Ethiopia', 'et', 47);
INSERT INTO countries (name, code, currency_id) VALUES ('Falkland Islands', 'fk', 48);
INSERT INTO countries (name, code, currency_id) VALUES ('Faroe Islands', 'fo', 42);
INSERT INTO countries (name, code, currency_id) VALUES ('Fiji Islands', 'fj', 49);
INSERT INTO countries (name, code, currency_id) VALUES ('Finland', 'fi', 2);
INSERT INTO countries (name, code, currency_id) VALUES ('France', 'fr', 2);
INSERT INTO countries (name, code, currency_id) VALUES ('French Guiana', 'gf', 2);
INSERT INTO countries (name, code, currency_id) VALUES ('French Polynesia', 'pf', 10);
INSERT INTO countries (name, code, currency_id) VALUES ('French Southern Territories', 'tf', 2);
INSERT INTO countries (name, code, currency_id) VALUES ('Gabon', 'ga', 29);
INSERT INTO countries (name, code, currency_id) VALUES ('Gambia The', 'gm', 50);
INSERT INTO countries (name, code, currency_id) VALUES ('Georgia', 'ge', 51);
INSERT INTO countries (name, code, currency_id) VALUES ('Germany', 'de', 2);
INSERT INTO countries (name, code, currency_id) VALUES ('Ghana', 'gh', 52);
INSERT INTO countries (name, code, currency_id) VALUES ('Gibraltar', 'gi', 53);
INSERT INTO countries (name, code, currency_id) VALUES ('Greece', 'gr', 2);
INSERT INTO countries (name, code, currency_id) VALUES ('Greenland', 'gl', 42);
INSERT INTO countries (name, code, currency_id) VALUES ('Grenada', 'gd', 5);
INSERT INTO countries (name, code, currency_id) VALUES ('Guadeloupe', 'gp', 2);
INSERT INTO countries (name, code, currency_id) VALUES ('Guam', 'gu', 5);
INSERT INTO countries (name, code, currency_id) VALUES ('Guatemala', 'gt', 54);
INSERT INTO countries (name, code, currency_id) VALUES ('Guernsey and Alderney', 'gg', 53);
INSERT INTO countries (name, code, currency_id) VALUES ('Guinea', 'gn', 55);
INSERT INTO countries (name, code, currency_id) VALUES ('Guinea-Bissau', 'gw', 18);
INSERT INTO countries (name, code, currency_id) VALUES ('Guyana', 'gy', 56);
INSERT INTO countries (name, code, currency_id) VALUES ('Haiti', 'ht', 57);
INSERT INTO countries (name, code, currency_id) VALUES ('Heard Island and McDonald Islands', 'hm', 10);
INSERT INTO countries (name, code, currency_id) VALUES ('Honduras', 'hn', 58);
INSERT INTO countries (name, code, currency_id) VALUES ('Hong Kong S.A.R.', 'hk', 59);
INSERT INTO countries (name, code, currency_id) VALUES ('Hungary', 'hu', 60);
INSERT INTO countries (name, code, currency_id) VALUES ('Iceland', 'is', 61);
INSERT INTO countries (name, code, currency_id) VALUES ('India', 'in', 62);
INSERT INTO countries (name, code, currency_id) VALUES ('Indonesia', 'id', 63);
INSERT INTO countries (name, code, currency_id) VALUES ('Iran', 'ir', 64);
INSERT INTO countries (name, code, currency_id) VALUES ('Iraq', 'iq', 65);
INSERT INTO countries (name, code, currency_id) VALUES ('Ireland', 'ie', 2);
INSERT INTO countries (name, code, currency_id) VALUES ('Israel', 'il', 66);
INSERT INTO countries (name, code, currency_id) VALUES ('Italy', 'it', 2);
INSERT INTO countries (name, code, currency_id) VALUES ('Jamaica', 'jm', 67);
INSERT INTO countries (name, code, currency_id) VALUES ('Japan', 'jp', 68);
INSERT INTO countries (name, code, currency_id) VALUES ('Jersey', 'je', 53);
INSERT INTO countries (name, code, currency_id) VALUES ('Jordan', 'jo', 69);
INSERT INTO countries (name, code, currency_id) VALUES ('Kazakhstan', 'kz', 70);
INSERT INTO countries (name, code, currency_id) VALUES ('Kenya', 'ke', 71);
INSERT INTO countries (name, code, currency_id) VALUES ('Kiribati', 'ki', 10);
INSERT INTO countries (name, code, currency_id) VALUES ('North Korea', 'kp', 72);
INSERT INTO countries (name, code, currency_id) VALUES ('South Korea', 'kr', 73);
INSERT INTO countries (name, code, currency_id) VALUES ('Kuwait', 'kw', 74);
INSERT INTO countries (name, code, currency_id) VALUES ('Kyrgyzstan', 'kg', 75);
INSERT INTO countries (name, code, currency_id) VALUES ('Laos', 'la', 76);
INSERT INTO countries (name, code, currency_id) VALUES ('Latvia', 'lv', 2);
INSERT INTO countries (name, code, currency_id) VALUES ('Lebanon', 'lb', 77);
INSERT INTO countries (name, code, currency_id) VALUES ('Lesotho', 'ls', 78);
INSERT INTO countries (name, code, currency_id) VALUES ('Liberia', 'lr', 79);
INSERT INTO countries (name, code, currency_id) VALUES ('Libya', 'ly', 80);
INSERT INTO countries (name, code, currency_id) VALUES ('Liechtenstein', 'li', 2);
INSERT INTO countries (name, code, currency_id) VALUES ('Lithuania', 'lt', 2);
INSERT INTO countries (name, code, currency_id) VALUES ('Luxembourg', 'lu', 2);
INSERT INTO countries (name, code, currency_id) VALUES ('Macau S.A.R.', 'mo', 81);
INSERT INTO countries (name, code, currency_id) VALUES ('North Macedonia', 'mk', 2);
INSERT INTO countries (name, code, currency_id) VALUES ('Madagascar', 'mg', 82);
INSERT INTO countries (name, code, currency_id) VALUES ('Malawi', 'mw', 83);
INSERT INTO countries (name, code, currency_id) VALUES ('Malaysia', 'my', 84);
INSERT INTO countries (name, code, currency_id) VALUES ('Maldives', 'mv', 85);
INSERT INTO countries (name, code, currency_id) VALUES ('Mali', 'ml', 18);
INSERT INTO countries (name, code, currency_id) VALUES ('Malta', 'mt', 2);
INSERT INTO countries (name, code, currency_id) VALUES ('Man (Isle of)', 'im', 53);
INSERT INTO countries (name, code, currency_id) VALUES ('Marshall Islands', 'mh', 5);
INSERT INTO countries (name, code, currency_id) VALUES ('Martinique', 'mq', 2);
INSERT INTO countries (name, code, currency_id) VALUES ('Mauritania', 'mr', 86);
INSERT INTO countries (name, code, currency_id) VALUES ('Mauritius', 'mu', 87);
INSERT INTO countries (name, code, currency_id) VALUES ('Mayotte', 'yt', 2);
INSERT INTO countries (name, code, currency_id) VALUES ('Mexico', 'mx', 88);
INSERT INTO countries (name, code, currency_id) VALUES ('Micronesia', 'fm', 5);
INSERT INTO countries (name, code, currency_id) VALUES ('Moldova', 'md', 89);
INSERT INTO countries (name, code, currency_id) VALUES ('Monaco', 'mc', 2);
INSERT INTO countries (name, code, currency_id) VALUES ('Mongolia', 'mn', 90);
INSERT INTO countries (name, code, currency_id) VALUES ('Montenegro', 'me', 2);
INSERT INTO countries (name, code, currency_id) VALUES ('Montserrat', 'ms', 5);
INSERT INTO countries (name, code, currency_id) VALUES ('Morocco', 'ma', 91);
INSERT INTO countries (name, code, currency_id) VALUES ('Mozambique', 'mz', 92);
INSERT INTO countries (name, code, currency_id) VALUES ('Myanmar', 'mm', 93);
INSERT INTO countries (name, code, currency_id) VALUES ('Namibia', 'na', 94);
INSERT INTO countries (name, code, currency_id) VALUES ('Nauru', 'nr', 10);
INSERT INTO countries (name, code, currency_id) VALUES ('Nepal', 'np', 95);
INSERT INTO countries (name, code, currency_id) VALUES ('Bonaire, Sint Eustatius and Saba', 'bq', 2);
INSERT INTO countries (name, code, currency_id) VALUES ('Netherlands', 'nl', 2);
INSERT INTO countries (name, code, currency_id) VALUES ('New Caledonia', 'nc', 10);
INSERT INTO countries (name, code, currency_id) VALUES ('New Zealand', 'nz', 96);
INSERT INTO countries (name, code, currency_id) VALUES ('Nicaragua', 'ni', 97);
INSERT INTO countries (name, code, currency_id) VALUES ('Niger', 'ne', 18);
INSERT INTO countries (name, code, currency_id) VALUES ('Nigeria', 'ng', 98);
INSERT INTO countries (name, code, currency_id) VALUES ('Niue', 'nu', 10);
INSERT INTO countries (name, code, currency_id) VALUES ('Norfolk Island', 'nf', 10);
INSERT INTO countries (name, code, currency_id) VALUES ('Northern Mariana Islands', 'mp', 5);
INSERT INTO countries (name, code, currency_id) VALUES ('Norway', 'no', 99);
INSERT INTO countries (name, code, currency_id) VALUES ('Oman', 'om', 100);
INSERT INTO countries (name, code, currency_id) VALUES ('Pakistan', 'pk', 101);
INSERT INTO countries (name, code, currency_id) VALUES ('Palau', 'pw', 5);
INSERT INTO countries (name, code, currency_id) VALUES ('Palestinian Territory Occupied', 'ps', 102);
INSERT INTO countries (name, code, currency_id) VALUES ('Panama', 'pa', 5);
INSERT INTO countries (name, code, currency_id) VALUES ('Papua new Guinea', 'pg', 103);
INSERT INTO countries (name, code, currency_id) VALUES ('Paraguay', 'py', 104);
INSERT INTO countries (name, code, currency_id) VALUES ('Peru', 'pe', 105);
INSERT INTO countries (name, code, currency_id) VALUES ('Philippines', 'ph', 106);
INSERT INTO countries (name, code, currency_id) VALUES ('Pitcairn Island', 'pn', 10);
INSERT INTO countries (name, code, currency_id) VALUES ('Poland', 'pl', 107);
INSERT INTO countries (name, code, currency_id) VALUES ('Portugal', 'pt', 2);
INSERT INTO countries (name, code, currency_id) VALUES ('Puerto Rico', 'pr', 5);
INSERT INTO countries (name, code, currency_id) VALUES ('Qatar', 'qa', 108);
INSERT INTO countries (name, code, currency_id) VALUES ('Reunion', 're', 2);
INSERT INTO countries (name, code, currency_id) VALUES ('Romania', 'ro', 109);
INSERT INTO countries (name, code, currency_id) VALUES ('Russia', 'ru', 110);
INSERT INTO countries (name, code, currency_id) VALUES ('Rwanda', 'rw', 111);
INSERT INTO countries (name, code, currency_id) VALUES ('Saint Helena', 'sh', 112);
INSERT INTO countries (name, code, currency_id) VALUES ('Saint Kitts And Nevis', 'kn', 5);
INSERT INTO countries (name, code, currency_id) VALUES ('Saint Lucia', 'lc', 5);
INSERT INTO countries (name, code, currency_id) VALUES ('Saint Pierre and Miquelon', 'pm', 2);
INSERT INTO countries (name, code, currency_id) VALUES ('Saint Vincent And The Grenadines', 'vc', 5);
INSERT INTO countries (name, code, currency_id) VALUES ('Saint-Barthelemy', 'bl', 2);
INSERT INTO countries (name, code, currency_id) VALUES ('Saint-Martin (French part)', 'mf', 2);
INSERT INTO countries (name, code, currency_id) VALUES ('Samoa', 'ws', 113);
INSERT INTO countries (name, code, currency_id) VALUES ('San Marino', 'sm', 2);
INSERT INTO countries (name, code, currency_id) VALUES ('Sao Tome and Principe', 'st', 114);
INSERT INTO countries (name, code, currency_id) VALUES ('Saudi Arabia', 'sa', 115);
INSERT INTO countries (name, code, currency_id) VALUES ('Senegal', 'sn', 18);
INSERT INTO countries (name, code, currency_id) VALUES ('Serbia', 'rs', 116);
INSERT INTO countries (name, code, currency_id) VALUES ('Seychelles', 'sc', 117);
INSERT INTO countries (name, code, currency_id) VALUES ('Sierra Leone', 'sl', 118);
INSERT INTO countries (name, code, currency_id) VALUES ('Singapore', 'sg', 119);
INSERT INTO countries (name, code, currency_id) VALUES ('Slovakia', 'sk', 2);
INSERT INTO countries (name, code, currency_id) VALUES ('Slovenia', 'si', 2);
INSERT INTO countries (name, code, currency_id) VALUES ('Solomon Islands', 'sb', 120);
INSERT INTO countries (name, code, currency_id) VALUES ('Somalia', 'so', 121);
INSERT INTO countries (name, code, currency_id) VALUES ('South Africa', 'za', 122);
INSERT INTO countries (name, code, currency_id) VALUES ('South Georgia', 'gs', 48);
INSERT INTO countries (name, code, currency_id) VALUES ('South Sudan', 'ss', 123);
INSERT INTO countries (name, code, currency_id) VALUES ('Spain', 'es', 2);
INSERT INTO countries (name, code, currency_id) VALUES ('Sri Lanka', 'lk', 124);
INSERT INTO countries (name, code, currency_id) VALUES ('Sudan', 'sd', 125);
INSERT INTO countries (name, code, currency_id) VALUES ('Suriname', 'sr', 126);
INSERT INTO countries (name, code, currency_id) VALUES ('Svalbard And Jan Mayen Islands', 'sj', 99);
INSERT INTO countries (name, code, currency_id) VALUES ('Swaziland', 'sz', 78);
INSERT INTO countries (name, code, currency_id) VALUES ('Sweden', 'se', 127);
INSERT INTO countries (name, code, currency_id) VALUES ('Switzerland', 'ch', 128);
INSERT INTO countries (name, code, currency_id) VALUES ('Syria', 'sy', 129);
INSERT INTO countries (name, code, currency_id) VALUES ('Taiwan', 'tw', 130);
INSERT INTO countries (name, code, currency_id) VALUES ('Tajikistan', 'tj', 131);
INSERT INTO countries (name, code, currency_id) VALUES ('Tanzania', 'tz', 132);
INSERT INTO countries (name, code, currency_id) VALUES ('Thailand', 'th', 133);
INSERT INTO countries (name, code, currency_id) VALUES ('Togo', 'tg', 18);
INSERT INTO countries (name, code, currency_id) VALUES ('Tokelau', 'tk', 10);
INSERT INTO countries (name, code, currency_id) VALUES ('Tonga', 'to', 134);
INSERT INTO countries (name, code, currency_id) VALUES ('Trinidad And Tobago', 'tt', 135);
INSERT INTO countries (name, code, currency_id) VALUES ('Tunisia', 'tn', 136);
INSERT INTO countries (name, code, currency_id) VALUES ('Turkey', 'tr', 137);
INSERT INTO countries (name, code, currency_id) VALUES ('Turkmenistan', 'tm', 138);
INSERT INTO countries (name, code, currency_id) VALUES ('Turks And Caicos Islands', 'tc', 5);
INSERT INTO countries (name, code, currency_id) VALUES ('Tuvalu', 'tv', 10);
INSERT INTO countries (name, code, currency_id) VALUES ('Uganda', 'ug', 139);
INSERT INTO countries (name, code, currency_id) VALUES ('Ukraine', 'ua', 140);
INSERT INTO countries (name, code, currency_id) VALUES ('United Arab Emirates', 'ae', 141);
INSERT INTO countries (name, code, currency_id) VALUES ('United Kingdom', 'gb', 53);
INSERT INTO countries (name, code, currency_id) VALUES ('United States', 'us', 5);
INSERT INTO countries (name, code, currency_id) VALUES ('United States Minor Outlying Islands', 'um', 5);
INSERT INTO countries (name, code, currency_id) VALUES ('Uruguay', 'uy', 142);
INSERT INTO countries (name, code, currency_id) VALUES ('Uzbekistan', 'uz', 143);
INSERT INTO countries (name, code, currency_id) VALUES ('Vanuatu', 'vu', 144);
INSERT INTO countries (name, code, currency_id) VALUES ('Vatican City State (Holy See)', 'va', 2);
INSERT INTO countries (name, code, currency_id) VALUES ('Venezuela', 've', 145);
INSERT INTO countries (name, code, currency_id) VALUES ('Vietnam', 'vn', 146);
INSERT INTO countries (name, code, currency_id) VALUES ('Virgin Islands (British)', 'vg', 5);
INSERT INTO countries (name, code, currency_id) VALUES ('Virgin Islands (US)', 'vi', 5);
INSERT INTO countries (name, code, currency_id) VALUES ('Wallis And Futuna Islands', 'wf', 10);
INSERT INTO countries (name, code, currency_id) VALUES ('Western Sahara', 'eh', 5);
INSERT INTO countries (name, code, currency_id) VALUES ('Yemen', 'ye', 147);
INSERT INTO countries (name, code, currency_id) VALUES ('Zambia', 'zm', 148);
INSERT INTO countries (name, code, currency_id) VALUES ('Zimbabwe', 'zw', 149);
INSERT INTO countries (name, code, currency_id) VALUES ('Kosovo', 'xk', 2);
INSERT INTO countries (name, code, currency_id) VALUES ('Curaçao', 'cw', 17);
INSERT INTO countries (name, code, currency_id) VALUES ('Sint Maarten (Dutch part)', 'sx', 17);